{"initial_reset_timestamp": 1731286402.4402626, "timestamps": [1731286402.5229611, 1731286402.5384107, 1731286402.5640779, 1731286402.5913887, 1731286402.619334, 1731286402.632675, 1731286402.6559947, 1731286402.6733813], "episode_lengths": [125, 89, 146, 131, 148, 78, 126, 101], "episode_rewards": [-500.60246049643825, -264.06168267502983, -629.6964930880198, -80.38895816943943, -80.52539059113134, -259.0902799418707, -305.39868517142907, -389.88542133028295], "episode_types": ["t", "t", "t", "t", "t", "t", "t", "t", "t"]}